trial,framework,cpu_load_percent,num_frames,total_time_s,measured_loop_time_s,mean_latency_ms,p50_latency_ms,p95_latency_ms,p99_latency_ms,fps,process_fps,inference_fps,temp_start_C,temp_end_C,freq_start_MHz,freq_end_MHz,cpu_usage_start_percent,cpu_usage_end_percent,nvpmodel_mode,tegrastats_samples,gpu_util_percent_avg,gpu_util_percent_max,gpu_freq_MHz_avg,gpu_freq_MHz_max,cpu_temp_C_avg,cpu_temp_C_max,gpu_temp_C_avg,gpu_temp_C_max,soc_temp_C_avg,soc_temp_C_max,vdd_in_mW_avg,vdd_in_mW_max
1,tensorrt,0,50,6.354735717999574,0.900070458,7.75348,7.4915,10.094249999999994,13.536969999999998,55.55120663675866,7.868147822163035,128.9743444234073,44.812,44.531,1915.7333333333333,729.6,64.0,10.7,NV Power Mode: MAXN | 0,12,18.5,59.0,,,44.762750000000004,45.25,40.44233333333333,40.812,41.80691666666667,42.031,,
2,tensorrt,0,50,6.23498626699984,0.803352013,6.984539999999998,7.1625,8.310649999999995,12.031479999999993,62.23921667076223,8.019263853817447,143.173351430445,44.156,45.093,729.6,729.6,2.1,9.8,NV Power Mode: MAXN | 0,12,19.333333333333332,94.0,,,44.63766666666667,44.843,40.590833333333336,40.906,41.853833333333334,41.968,,
